ADM1,Constituency
Barisal,Bagerhat 1
Barisal,Bagerhat 2
Barisal,Bagerhat 3
Barisal,Bagerhat 4
Barisal,Bakerganj 1
Barisal,Bakerganj 2
Barisal,Bakerganj 3
Barisal,Bakerganj 4
Barisal,Bakerganj 5
Barisal,Bakerganj 6
Barisal,Bakerganj with Pirojpur
Barisal,Barguna 1
Barisal,Barguna 2
Barisal,Barguna 3
Barisal,Bogra 1
Barisal,Bogra 2
Barisal,Bogra 3
Barisal,Bogra 4
Barisal,Bogra 5
Barisal,Bogra 6
Barisal,Bogra 7
Barisal,Brahmanbaria 1
Barisal,Brahmanbaria 2
Barisal,Brahmanbaria 3
Barisal,Brahmanbaria 4
Barisal,Brahmanbaria 5
Barisal,Brahmanbaria 6
Barisal,Cox's Bazar 1
Barisal,Cox's Bazar 2
Barisal,Cox's Bazar 3
Barisal,Cox's Bazar 4
Barisal,Manikganj 1
Barisal,Manikganj 2
Barisal,Manikganj 3
Barisal,Manikganj 4
Barisal,Narail 1
Barisal,Narail 2
Barisal,bagerhat-1
Barisal,bagerhat-2
Barisal,bagerhat-3
Barisal,bagerhat-4
Barisal,bakerganj-1
Barisal,bakerganj-10
Barisal,bakerganj-11
Barisal,bakerganj-12
Barisal,bakerganj-13
Barisal,bakerganj-14
Barisal,bakerganj-15
Barisal,bakerganj-16
Barisal,bakerganj-17
Barisal,bakerganj-18
Barisal,bakerganj-2
Barisal,bakerganj-3
Barisal,bakerganj-4
Barisal,bakerganj-5
Barisal,bakerganj-6
Barisal,bakerganj-7
Barisal,bakerganj-8
Barisal,bakerganj-9
Barisal,barguna-1
Barisal,barguna-2
Barisal,barguna-3
Barisal,barisal-1
Barisal,barisal-2
Barisal,barisal-3
Barisal,barisal-4
Barisal,barisal-5
Barisal,barisal-6
Barisal,barishal with pirojpur
Barisal,bogra-1
Barisal,bogra-2
Barisal,bogra-3
Barisal,bogra-4
Barisal,bogra-5
Barisal,bogra-6
Barisal,bogra-7
Barisal,bogra-8
Barisal,bogra-9
Barisal,brahmanbaria-1
Barisal,brahmanbaria-2
Barisal,brahmanbaria-3
Barisal,brahmanbaria-4
Barisal,brahmanbaria-5
Barisal,brahmanbaria-6
Barisal,cox's bazar-1
Barisal,cox's bazar-2
Barisal,cox's bazar-3
Barisal,cox's bazar-4
Barisal,coxs bazar-1
Barisal,coxs bazar-2
Barisal,coxs bazar-3
Barisal,coxs bazar-4
Barisal,manikganj-1
Barisal,manikganj-2
Barisal,manikganj-3
Barisal,manikganj-4
Barisal,narail-1
Barisal,narail-2
Barisal,narsingdi-1
Barisal,narsingdi-2
Barisal,narsingdi-3
Barisal,narsingdi-4
Barisal,narsingdi-5
Chittagong,Chattagong 15
Chittagong,Chittagong 1
Chittagong,Chittagong 10
Chittagong,Chittagong 11
Chittagong,Chittagong 12
Chittagong,Chittagong 13
Chittagong,Chittagong 14
Chittagong,Chittagong 2
Chittagong,Chittagong 3
Chittagong,Chittagong 4
Chittagong,Chittagong 5
Chittagong,Chittagong 6
Chittagong,Chittagong 7
Chittagong,Chittagong 8
Chittagong,Chittagong 9
Chittagong,Comilla 1
Chittagong,Comilla 2
Chittagong,Comilla 3
Chittagong,Comilla 4
Chittagong,Comilla 5
Chittagong,Comilla 6
Chittagong,Comilla 7
Chittagong,Comilla 8
Chittagong,Comilla 9
Chittagong,Naogaon 1
Chittagong,Naogaon 2
Chittagong,Naogaon 3
Chittagong,Naogaon 4
Chittagong,Naogaon 5
Chittagong,Naogaon 6
Chittagong,Tangail 1
Chittagong,Tangail 2
Chittagong,Tangail 3
Chittagong,Tangail 4
Chittagong,Tangail 5
Chittagong,Tangail 6
Chittagong,Tangail 7
Chittagong,Tangail 8
Chittagong,chittagong hill tracts-1
Chittagong,chittagong hill tracts-2
Chittagong,chittagong-1
Chittagong,chittagong-10
Chittagong,chittagong-11
Chittagong,chittagong-12
Chittagong,chittagong-13
Chittagong,chittagong-14
Chittagong,chittagong-15
Chittagong,chittagong-16
Chittagong,chittagong-17
Chittagong,chittagong-18
Chittagong,chittagong-2
Chittagong,chittagong-3
Chittagong,chittagong-4
Chittagong,chittagong-5
Chittagong,chittagong-6
Chittagong,chittagong-7
Chittagong,chittagong-8
Chittagong,chittagong-9
Chittagong,comilla-1
Chittagong,comilla-2
Chittagong,comilla-3
Chittagong,comilla-4
Chittagong,comilla-5
Chittagong,comilla-6
Chittagong,comilla-7
Chittagong,comilla-8
Chittagong,comilla-9
Chittagong,gopalgonj-1
Chittagong,gopalgonj-2
Chittagong,gopalgonj-3
Chittagong,hobiganj-1
Chittagong,hobiganj-2
Chittagong,hobiganj-3
Chittagong,hobiganj-4
Chittagong,munshigonj-1
Chittagong,munshigonj-2
Chittagong,munshigonj-3
Chittagong,munshigonj-4
Chittagong,naogaon-1
Chittagong,naogaon-2
Chittagong,naogaon-3
Chittagong,naogaon-4
Chittagong,naogaon-5
Chittagong,naogaon-6
Chittagong,noagoan-1
Chittagong,noagoan-2
Chittagong,noagoan-3
Chittagong,noagoan-4
Chittagong,noagoan-5
Chittagong,noagoan-6
Chittagong,nowabgonj-1
Chittagong,nowabgonj-2
Chittagong,nowabgonj-3
Chittagong,tangail-1
Chittagong,tangail-2
Chittagong,tangail-3
Chittagong,tangail-4
Chittagong,tangail-5
Chittagong,tangail-6
Chittagong,tangail-7
Chittagong,tangail-8
Chittagong,tangail-9
Dhaka,Bandarban
Dhaka,Chuadanga 1
Dhaka,Chuadanga 2
Dhaka,Dhaka 1
Dhaka,Dhaka 10
Dhaka,Dhaka 11
Dhaka,Dhaka 12
Dhaka,Dhaka 13
Dhaka,Dhaka 2
Dhaka,Dhaka 3
Dhaka,Dhaka 4
Dhaka,Dhaka 5
Dhaka,Dhaka 6
Dhaka,Dhaka 7
Dhaka,Dhaka 8
Dhaka,Dhaka 9
Dhaka,Gaibandha 1
Dhaka,Gaibandha 2
Dhaka,Gaibandha 3
Dhaka,Gaibandha 4
Dhaka,Gaibandha 5
Dhaka,Gopalganj 1
Dhaka,Gopalganj 2
Dhaka,Gopalganj 3
Dhaka,Habiganj 1
Dhaka,Habiganj 2
Dhaka,Habiganj 3
Dhaka,Habiganj 4
Dhaka,Jhalakathi 1
Dhaka,Jhalakathi 2
Dhaka,Lalmonirhat 1
Dhaka,Lalmonirhat 2
Dhaka,Lalmonirhat 3
Dhaka,Munshiganj 1
Dhaka,Munshiganj 2
Dhaka,Munshiganj 3
Dhaka,Munshiganj 4
Dhaka,Nawabganj 1
Dhaka,Nawabganj 2
Dhaka,Nawabganj 3
Dhaka,Nilphamari 1
Dhaka,Nilphamari 2
Dhaka,Nilphamari 3
Dhaka,Nilphamari 4
Dhaka,Noakhali 1
Dhaka,Noakhali 2
Dhaka,Noakhali 3
Dhaka,Noakhali 4
Dhaka,Noakhali 5
Dhaka,Noakhali 6
Dhaka,Pabna 1
Dhaka,Pabna 2
Dhaka,Pabna 3
Dhaka,Pabna 4
Dhaka,Pabna 5
Dhaka,Panchagar 1
Dhaka,Panchagar 2
Dhaka,Patuakhali 1
Dhaka,Patuakhali 2
Dhaka,Patuakhali 3
Dhaka,Patuakhali 4
Dhaka,Thakurgaon 1
Dhaka,Thakurgaon 2
Dhaka,Thakurgaon 3
Dhaka,bandarban
Dhaka,chapai nababganj-1
Dhaka,chapai nababganj-2
Dhaka,chapai nababganj-3
Dhaka,chuadanga-1
Dhaka,chuadanga-2
Dhaka,dacca-1
Dhaka,dacca-10
Dhaka,dacca-11
Dhaka,dacca-12
Dhaka,dacca-13
Dhaka,dacca-14
Dhaka,dacca-15
Dhaka,dacca-16
Dhaka,dacca-17
Dhaka,dacca-18
Dhaka,dacca-19
Dhaka,dacca-2
Dhaka,dacca-20
Dhaka,dacca-21
Dhaka,dacca-22
Dhaka,dacca-23
Dhaka,dacca-24
Dhaka,dacca-25
Dhaka,dacca-26
Dhaka,dacca-27
Dhaka,dacca-28
Dhaka,dacca-29
Dhaka,dacca-3
Dhaka,dacca-30
Dhaka,dacca-4
Dhaka,dacca-5
Dhaka,dacca-6
Dhaka,dacca-7
Dhaka,dacca-8
Dhaka,dacca-9
Dhaka,dhaka-1
Dhaka,dhaka-10
Dhaka,dhaka-11
Dhaka,dhaka-12
Dhaka,dhaka-13
Dhaka,dhaka-14
Dhaka,dhaka-15
Dhaka,dhaka-16
Dhaka,dhaka-17
Dhaka,dhaka-18
Dhaka,dhaka-19
Dhaka,dhaka-2
Dhaka,dhaka-20
Dhaka,dhaka-3
Dhaka,dhaka-4
Dhaka,dhaka-5
Dhaka,dhaka-6
Dhaka,dhaka-7
Dhaka,dhaka-8
Dhaka,dhaka-9
Dhaka,gaibandha-1
Dhaka,gaibandha-2
Dhaka,gaibandha-3
Dhaka,gaibandha-4
Dhaka,gaibandha-5
Dhaka,gopalganj-1
Dhaka,gopalganj-2
Dhaka,gopalganj-3
Dhaka,habiganj-1
Dhaka,habiganj-2
Dhaka,habiganj-3
Dhaka,habiganj-4
Dhaka,jhalokati-1
Dhaka,jhalokati-2
Dhaka,jhenidha-1
Dhaka,jhenidha-2
Dhaka,jhenidha-3
Dhaka,jhenidha-4
Dhaka,lalmonirhat-1
Dhaka,lalmonirhat-2
Dhaka,lalmonirhat-3
Dhaka,munshiganj-1
Dhaka,munshiganj-2
Dhaka,munshiganj-3
Dhaka,netrakona-1
Dhaka,netrakona-2
Dhaka,netrakona-3
Dhaka,netrakona-4
Dhaka,netrakona-5
Dhaka,nilphamari-1
Dhaka,nilphamari-2
Dhaka,nilphamari-3
Dhaka,nilphamari-4
Dhaka,noakhali-1
Dhaka,noakhali-10
Dhaka,noakhali-11
Dhaka,noakhali-12
Dhaka,noakhali-13
Dhaka,noakhali-14
Dhaka,noakhali-2
Dhaka,noakhali-3
Dhaka,noakhali-4
Dhaka,noakhali-5
Dhaka,noakhali-6
Dhaka,noakhali-7
Dhaka,noakhali-8
Dhaka,noakhali-9
Dhaka,pabna-1
Dhaka,pabna-2
Dhaka,pabna-3
Dhaka,pabna-4
Dhaka,pabna-5
Dhaka,panchagarh-1
Dhaka,panchagarh-2
Dhaka,parbattya bandarban-1
Dhaka,patuakhali-1
Dhaka,patuakhali-2
Dhaka,patuakhali-3
Dhaka,patuakhali-4
Dhaka,patuakhali-5
Dhaka,patuakhali-6
Dhaka,patuakhali-7
Dhaka,thakurgaon-1
Dhaka,thakurgaon-2
Dhaka,thakurgaon-3
Khulna,Bhola 1
Khulna,Bhola 2
Khulna,Bhola 3
Khulna,Bhola 4
Khulna,Comilla 10
Khulna,Comilla 11
Khulna,Comilla 12
Khulna,Feni 1
Khulna,Feni 2
Khulna,Feni 3
Khulna,Jhenaidah 1
Khulna,Jhenaidah 2
Khulna,Jhenaidah 3
Khulna,Jhenaidah 4
Khulna,Joyphurat 1
Khulna,Khulna 1
Khulna,Khulna 2
Khulna,Khulna 3
Khulna,Khulna 4
Khulna,Khulna 5
Khulna,Khulna 6
Khulna,Kurigram 1
Khulna,Kurigram 2
Khulna,Kurigram 3
Khulna,Kurigram 4
Khulna,Moulvibazar 1
Khulna,Moulvibazar 2
Khulna,Moulvibazar 3
Khulna,Moulvibazar 4
Khulna,Mymensingh with Netrokona
Khulna,Natore 1
Khulna,Natore 2
Khulna,Natore 3
Khulna,Natore 4
Khulna,Netrokona 1
Khulna,Netrokona 2
Khulna,Netrokona 3
Khulna,Netrokona 4
Khulna,Satkhira 1
Khulna,Satkhira 2
Khulna,Satkhira 3
Khulna,Satkhira 4
Khulna,Satkhira 5
Khulna,Sunamganj 1
Khulna,Sunamganj 2
Khulna,Sunamganj 3
Khulna,Sunamganj 4
Khulna,Sunamganj 5
Khulna,bhola-1
Khulna,bhola-2
Khulna,bhola-3
Khulna,bhola-4
Khulna,comilla-10
Khulna,comilla-11
Khulna,comilla-12
Khulna,comilla-13
Khulna,comilla-14
Khulna,comilla-15
Khulna,comilla-16
Khulna,comilla-17
Khulna,comilla-18
Khulna,comilla-19
Khulna,comilla-20
Khulna,comilla-21
Khulna,comilla-22
Khulna,comilla-23
Khulna,comilla-24
Khulna,comilla-25
Khulna,comilla-26
Khulna,feni-1
Khulna,feni-2
Khulna,feni-3
Khulna,jhenaidah-1
Khulna,jhenaidah-2
Khulna,jhenaidah-3
Khulna,jhenaidah-4
Khulna,khulna-1
Khulna,khulna-10
Khulna,khulna-11
Khulna,khulna-12
Khulna,khulna-13
Khulna,khulna-14
Khulna,khulna-2
Khulna,khulna-3
Khulna,khulna-4
Khulna,khulna-5
Khulna,khulna-6
Khulna,khulna-7
Khulna,khulna-8
Khulna,khulna-9
Khulna,khustia-1
Khulna,khustia-2
Khulna,khustia-3
Khulna,khustia-4
Khulna,khustia-5
Khulna,khustia-6
Khulna,khustia-7
Khulna,kurigram-1
Khulna,kurigram-2
Khulna,kurigram-3
Khulna,kurigram-4
Khulna,maulvibazar-1
Khulna,maulvibazar-2
Khulna,maulvibazar-3
Khulna,maulvibazar-4
Khulna,moulavibazar-1
Khulna,moulavibazar-2
Khulna,moulavibazar-3
Khulna,moulavibazar-4
Khulna,natore-1
Khulna,natore-2
Khulna,natore-3
Khulna,natore-4
Khulna,netrokona-1
Khulna,netrokona-2
Khulna,netrokona-3
Khulna,netrokona-4
Khulna,pubna-1
Khulna,pubna-10
Khulna,pubna-11
Khulna,pubna-12
Khulna,pubna-2
Khulna,pubna-3
Khulna,pubna-4
Khulna,pubna-5
Khulna,pubna-6
Khulna,pubna-7
Khulna,pubna-8
Khulna,pubna-9
Khulna,satkhira-1
Khulna,satkhira-2
Khulna,satkhira-3
Khulna,satkhira-4
Khulna,satkhira-5
Khulna,sunamganj-1
Khulna,sunamganj-2
Khulna,sunamganj-3
Khulna,sunamganj-4
Khulna,sunamganj-5
Khulna,sunamgonj-1
Khulna,sunamgonj-2
Khulna,sunamgonj-3
Khulna,sunamgonj-4
Khulna,sunamgonj-5
Rajshahi,Khagrachhari
Rajshahi,Lakshmipur 1
Rajshahi,Lakshmipur 2
Rajshahi,Lakshmipur 3
Rajshahi,Lakshmipur 4
Rajshahi,Narshingdi 1
Rajshahi,Narshingdi 2
Rajshahi,Narshingdi 3
Rajshahi,Narshingdi 4
Rajshahi,Narshingdi 5
Rajshahi,Rajbari 1
Rajshahi,Rajbari 2
Rajshahi,Rajshahi 1
Rajshahi,Rajshahi 2
Rajshahi,Rajshahi 3
Rajshahi,Rajshahi 4
Rajshahi,Rajshahi 5
Rajshahi,Sirajganj 1
Rajshahi,Sirajganj 2
Rajshahi,Sirajganj 3
Rajshahi,Sirajganj 4
Rajshahi,Sirajganj 5
Rajshahi,Sirajganj 6
Rajshahi,Sirajganj 7
Rajshahi,jessor-1
Rajshahi,jessor-10
Rajshahi,jessor-11
Rajshahi,jessor-12
Rajshahi,jessor-13
Rajshahi,jessor-2
Rajshahi,jessor-3
Rajshahi,jessor-4
Rajshahi,jessor-5
Rajshahi,jessor-6
Rajshahi,jessor-7
Rajshahi,jessor-8
Rajshahi,jessor-9
Rajshahi,jhalokhati-1
Rajshahi,jhalokhati-2
Rajshahi,khagrachhari
Rajshahi,lakshmipur-1
Rajshahi,lakshmipur-2
Rajshahi,lakshmipur-3
Rajshahi,lakshmipur-4
Rajshahi,narshingdi-1
Rajshahi,narshingdi-2
Rajshahi,narshingdi-3
Rajshahi,narshingdi-4
Rajshahi,narshingdi-5
Rajshahi,parbattya khagrachhari-1
Rajshahi,rajbari-1
Rajshahi,rajbari-2
Rajshahi,rajshahi-1
Rajshahi,rajshahi-10
Rajshahi,rajshahi-11
Rajshahi,rajshahi-12
Rajshahi,rajshahi-13
Rajshahi,rajshahi-14
Rajshahi,rajshahi-15
Rajshahi,rajshahi-16
Rajshahi,rajshahi-17
Rajshahi,rajshahi-2
Rajshahi,rajshahi-3
Rajshahi,rajshahi-4
Rajshahi,rajshahi-5
Rajshahi,rajshahi-6
Rajshahi,rajshahi-7
Rajshahi,rajshahi-8
Rajshahi,rajshahi-9
Rajshahi,sirajganj-1
Rajshahi,sirajganj-2
Rajshahi,sirajganj-3
Rajshahi,sirajganj-4
Rajshahi,sirajganj-5
Rajshahi,sirajganj-6
Rajshahi,sirajganj-7
Rangpur,Chandpur 1
Rangpur,Chandpur 2
Rangpur,Chandpur 3
Rangpur,Chandpur 4
Rangpur,Chandpur 5
Rangpur,Chandpur 6
Rangpur,Dinajpur 1
Rangpur,Dinajpur 2
Rangpur,Dinajpur 3
Rangpur,Dinajpur 4
Rangpur,Dinajpur 5
Rangpur,Dinajpur 6
Rangpur,Faridpur 1
Rangpur,Faridpur 2
Rangpur,Faridpur 3
Rangpur,Faridpur 4
Rangpur,Faridpur 5
Rangpur,Gazipur 1
Rangpur,Gazipur 2
Rangpur,Gazipur 3
Rangpur,Gazipur 4
Rangpur,Jamalpur 1
Rangpur,Jamalpur 2
Rangpur,Jamalpur 3
Rangpur,Jamalpur 4
Rangpur,Jamalpur 5
Rangpur,Joypurhat 2
Rangpur,Kishorganj 1
Rangpur,Kishorganj 2
Rangpur,Kishorganj 3
Rangpur,Kishorganj 4
Rangpur,Kishorganj 5
Rangpur,Kishorganj 6
Rangpur,Kishorganj 7
Rangpur,Madaripur 1
Rangpur,Madaripur 2
Rangpur,Madaripur 3
Rangpur,Magura 1
Rangpur,Magura 2
Rangpur,Meherpur 1
Rangpur,Meherpur 2
Rangpur,Narayanganj 1
Rangpur,Narayanganj 2
Rangpur,Narayanganj 3
Rangpur,Narayanganj 4
Rangpur,Narayanganj 5
Rangpur,Pirojpur 1
Rangpur,Pirojpur 2
Rangpur,Pirojpur 3
Rangpur,Rangamati
Rangpur,Rangpur 1
Rangpur,Rangpur 2
Rangpur,Rangpur 3
Rangpur,Rangpur 4
Rangpur,Rangpur 5
Rangpur,Rangpur 6
Rangpur,Shariatpur 1
Rangpur,Shariatpur 2
Rangpur,Shariatpur 3
Rangpur,Sherpur 1
Rangpur,Sherpur 2
Rangpur,Sherpur 3
Rangpur,chandpur-1
Rangpur,chandpur-2
Rangpur,chandpur-3
Rangpur,chandpur-4
Rangpur,chandpur-5
Rangpur,chandpur-6
Rangpur,dinajpur-1
Rangpur,dinajpur-10
Rangpur,dinajpur-2
Rangpur,dinajpur-3
Rangpur,dinajpur-4
Rangpur,dinajpur-5
Rangpur,dinajpur-6
Rangpur,dinajpur-7
Rangpur,dinajpur-8
Rangpur,dinajpur-9
Rangpur,faridpur-1
Rangpur,faridpur-10
Rangpur,faridpur-11
Rangpur,faridpur-12
Rangpur,faridpur-13
Rangpur,faridpur-14
Rangpur,faridpur-15
Rangpur,faridpur-16
Rangpur,faridpur-17
Rangpur,faridpur-18
Rangpur,faridpur-19
Rangpur,faridpur-2
Rangpur,faridpur-3
Rangpur,faridpur-4
Rangpur,faridpur-5
Rangpur,faridpur-6
Rangpur,faridpur-7
Rangpur,faridpur-8
Rangpur,faridpur-9
Rangpur,gazipur-1
Rangpur,gazipur-2
Rangpur,gazipur-3
Rangpur,gazipur-4
Rangpur,gazipur-5
Rangpur,jamaljpur-3
Rangpur,jamalpur-1
Rangpur,jamalpur-2
Rangpur,jamalpur-3
Rangpur,jamalpur-4
Rangpur,jamalpur-5
Rangpur,joypurhat-1
Rangpur,joypurhat-2
Rangpur,madaripur-1
Rangpur,madaripur-2
Rangpur,madaripur-3
Rangpur,magura-1
Rangpur,magura-2
Rangpur,meherpur-1
Rangpur,meherpur-2
Rangpur,narayanganj-1
Rangpur,narayanganj-2
Rangpur,narayanganj-3
Rangpur,narayanganj-4
Rangpur,narayanganj-5
Rangpur,narayangonj-1
Rangpur,narayangonj-2
Rangpur,narayangonj-3
Rangpur,narayangonj-4
Rangpur,narayangonj-5
Rangpur,parbattya rangamati-1
Rangpur,pirojpur-1
Rangpur,pirojpur-2
Rangpur,pirojpur-3
Rangpur,rangamati
Rangpur,rangpur-1
Rangpur,rangpur-10
Rangpur,rangpur-11
Rangpur,rangpur-12
Rangpur,rangpur-13
Rangpur,rangpur-14
Rangpur,rangpur-15
Rangpur,rangpur-16
Rangpur,rangpur-17
Rangpur,rangpur-18
Rangpur,rangpur-19
Rangpur,rangpur-2
Rangpur,rangpur-20
Rangpur,rangpur-21
Rangpur,rangpur-22
Rangpur,rangpur-3
Rangpur,rangpur-4
Rangpur,rangpur-5
Rangpur,rangpur-6
Rangpur,rangpur-7
Rangpur,rangpur-8
Rangpur,rangpur-9
Rangpur,sariatpur-1
Rangpur,sariatpur-2
Rangpur,sariatpur-3
Rangpur,shariatpur-1
Rangpur,shariatpur-2
Rangpur,shariatpur-3
Rangpur,sherpur-1
Rangpur,sherpur-2
Rangpur,sherpur-3
Sylhet,Jessore 1
Sylhet,Jessore 2
Sylhet,Jessore 3
Sylhet,Jessore 4
Sylhet,Jessore 5
Sylhet,Jessore 6
Sylhet,Kushtia 1
Sylhet,Kushtia 2
Sylhet,Kushtia 3
Sylhet,Kushtia 4
Sylhet,Mymensingh 1
Sylhet,Mymensingh 10
Sylhet,Mymensingh 11
Sylhet,Mymensingh 2
Sylhet,Mymensingh 3
Sylhet,Mymensingh 4
Sylhet,Mymensingh 5
Sylhet,Mymensingh 6
Sylhet,Mymensingh 7
Sylhet,Mymensingh 8
Sylhet,Mymensingh 9
Sylhet,Sylhet 1
Sylhet,Sylhet 2
Sylhet,Sylhet 3
Sylhet,Sylhet 4
Sylhet,Sylhet 5
Sylhet,Sylhet 6
Sylhet,jessore-1
Sylhet,jessore-2
Sylhet,jessore-3
Sylhet,jessore-4
Sylhet,jessore-5
Sylhet,jessore-6
Sylhet,kishoreganj-1
Sylhet,kishoreganj-2
Sylhet,kishoreganj-3
Sylhet,kishoreganj-4
Sylhet,kishoreganj-5
Sylhet,kishoreganj-6
Sylhet,kishoregonj-1
Sylhet,kishoregonj-2
Sylhet,kishoregonj-3
Sylhet,kishoregonj-4
Sylhet,kishoregonj-5
Sylhet,kishoregonj-6
Sylhet,kishoregonj-7
Sylhet,kushtia-1
Sylhet,kushtia-2
Sylhet,kushtia-3
Sylhet,kushtia-4
Sylhet,mymensingh with netro
Sylhet,mymensingh-1
Sylhet,mymensingh-10
Sylhet,mymensingh-11
Sylhet,mymensingh-12
Sylhet,mymensingh-13
Sylhet,mymensingh-14
Sylhet,mymensingh-15
Sylhet,mymensingh-16
Sylhet,mymensingh-17
Sylhet,mymensingh-18
Sylhet,mymensingh-19
Sylhet,mymensingh-2
Sylhet,mymensingh-20
Sylhet,mymensingh-21
Sylhet,mymensingh-22
Sylhet,mymensingh-23
Sylhet,mymensingh-24
Sylhet,mymensingh-25
Sylhet,mymensingh-26
Sylhet,mymensingh-27
Sylhet,mymensingh-28
Sylhet,mymensingh-29
Sylhet,mymensingh-3
Sylhet,mymensingh-30
Sylhet,mymensingh-31
Sylhet,mymensingh-32
Sylhet,mymensingh-4
Sylhet,mymensingh-5
Sylhet,mymensingh-6
Sylhet,mymensingh-7
Sylhet,mymensingh-8
Sylhet,mymensingh-9
Sylhet,sylhet-1
Sylhet,sylhet-10
Sylhet,sylhet-11
Sylhet,sylhet-12
Sylhet,sylhet-13
Sylhet,sylhet-14
Sylhet,sylhet-15
Sylhet,sylhet-16
Sylhet,sylhet-17
Sylhet,sylhet-18
Sylhet,sylhet-19
Sylhet,sylhet-2
Sylhet,sylhet-20
Sylhet,sylhet-21
Sylhet,sylhet-3
Sylhet,sylhet-4
Sylhet,sylhet-5
Sylhet,sylhet-6
Sylhet,sylhet-7
Sylhet,sylhet-8
Sylhet,sylhet-9
